"Name","TotalScore","LowVolume","HighVolume"
"[Void]Stuff","1.1125155866555718","1.1560298681065846","1.0581227348418063"
"Null=stuff","1.1708417971453788","1.1870994348121282","1.1505197500619424"
"Stuff>Null","4.459161004138597","6.734207586182788","1.6153527765833577"
"Stuff*>Null","5.6282895596733855","8.592202856973243","1.9233979380485646"
"Stuff|OutNull","9.750659885424433","2.90571432193252","18.306841839789328"
