"Name","TotalScore","LowVolume","HighVolume"
"Hash.GetEnum","2.126915081063765","1.0712607507435092","3.446482993964084"
"Hash.Key","2.243971750861901","2.1209256079616967","2.397779429487156"
"Hash[Key]","3.1135520175409472","1.4115168376028973","5.241095992463509"
"Hash.ContainsKey()","6.587769153699934","10.119077701250252","2.173633469262039"
