"Name","TotalScore","LowVolume","HighVolume"
"ArrayList","1.5987837644131528","1.6302139505760187","1.5594960317095699"
"QuickInstance","2.560586911307988","1.7235170267424853","3.606924267014866"
"QuickInstanceNEW","4.003189458695612","4.535073853392134","3.3383339653249586"
"NewObject","159.02647069445615","68.51520391162987","272.165554172989"
