"Name","TotalScore","LowVolume","HighVolume"
"QuickInstance","1.4472680443413173","1.1393941418841351","1.832110422412795"
"HashNEW","1.4803252133717946","1.8645853840692301","1"
"hashTableNEW","1.6369424172767437","1.665183712491767","1.6016407982579648"
"DictStrStrNEW","2.892571188425329","4.270029432482284","1.1707483833541346"
"DictStrIntNEW","4.194335168196243","5.665146069271984","2.3558215418515656"
"HereHash","66.49137782924407","45.305163544710396","92.97414568491119"
"NEWObject","83.98974318030747","56.58675084463982","118.24348359989202"
"NEWObjectHash","130.73257206834276","67.54834089599815","209.71286103377352"
"NEWDictStrStr","290.55822391084075","156.6795271458629","457.906594867063"
