"Name","TotalScore","LowVolume","HighVolume"
"Generic.HashSet","2.460174378087295","3.322621948793997","1.022761760242792"
"Linq-Distinct","4.205485847033902","5.873942428035044","1.4247248786986664"
"Sort-Object","32.624409278717486","31.74367077830676","34.09230677940203"
"Select-Object","35.633045141966726","29.057912717003603","46.59159918357192"
"Get-Unique","53.70343307501809","79.75885648783716","10.277727386986314"
